30 51 0440;6000
30 51 1060;6000
30 51 1260;6000
30 51 4002;6000
30 51 4012;6000
30 66 9892;6000
30 67 4123;6000
30 82 5832;6000
30 51 0520;6001
30 51 0720;6001
30 51 1472;6001
30 82 6573;6001
30 51 0720;6002
30 51 1260;6002
30 51 3892;6002
30 22 6883;6003
30 22 6903;6003
30 51 3822;6003
30 67 4342;6003
30 22 5902;6003
30 22 5912;6003
30 51 3812;6003
30 51 6150;6003
30 00 4533;6003
30 82 4883;6003
30 22 6873;6003
30 07 6420;6003
30 22 6893;6003
30 63 5414;6003
30 21 7972;6003
30 22 3352;6003
30 89 6712;6004
30 67 4362;6004
30 00 4543;6004
30 13 1260;6004
30 82 4893;6004
30 09 5760;6004
30 22 3342;6004
30 22 7033;6004
30 22 7073;6004
30 67 4352;6004
30 02 2520;6004
30 04 8120;6004
30 20 7153;6004
30 20 9612;6004
30 21 8402;6004
30 22 7113;6004
30 60 4062;6004
30 82 6773;6004
30 94 1963;6004
30 65 9842;6005
30 02 6750;6005
30 02 6760;6005
30 22 8490;6005
30 25 7892;6005
30 46 0552;6005
30 46 0702;6005
30 00 4553;6005
30 00 4563;6005
30 00 4573;6005
30 82 4903;6005
30 21 6853;6005
30 03 3630;6005
30 05 6790;6005
30 07 6410;6005
30 07 6550;6005
30 21 6843;6005
30 24 6910;6005
30 24 7480;6005
30 60 0390;6005
30 63 5494;6005
30 63 5504;6005
30 07 7310;6005
30 07 7320;6005
30 21 8092;6005
30 21 8102;6005
30 21 8132;6005
30 02 2030;6005
30 02 3510;6005
30 20 3252;6005
30 20 8032;6005
30 21 4023;6005
30 21 6833;6005
30 22 7442;6005
30 22 9650;6005
30 65 0220;6005
30 66 3892;6005
30 67 2000;6006
30 63 5194;6006
30 63 5204;6006
30 02 3190;6006
30 00 4493;6006
30 00 4503;6006
30 00 4513;6006
30 82 4793;6006
30 03 1590;6006
30 07 6400;6006
30 09 9570;6006
30 21 8042;6006
30 63 5214;6006
30 63 5224;6006
30 20 1940;6006
30 22 5953;6006
30 22 5963;6006
30 22 5973;6006
30 22 5983;6006
30 23 3340;6006
30 60 3822;6006
30 69 8970;7000
30 21 1800;7000
30 02 1160;7002
30 65 0660;7005
30 66 9430;7006
i0000;7006
30 69 6920;7007
30 07 3710;7007
30 07 3720;7007
30 07 3730;7007
30 07 3740;7007
30 07 3750;7007
30 07 3760;7007
30 07 3770;7007
30 07 3780;7007
30 07 3790;7007
30 07 3800;7007
30 07 3870;7007
30 66 0620;7008
30 65 0390;7009
30 65 6170;7009
30 65 6220;7009
30 65 7370;7009
